{"loss": [0.6715743790070215, 54.08241676812125, 43.06840657560449, 36.30134669822805, 34.19116320094066, 26.954918182597442, 38.13161645412445, 33.724199537960985, 37.007649008035656, 27.42668818025028, 22.625781586357192, 40.87775938994814, 48.409116079932765, 24.32769687392495, 36.07261800334642, 40.849742886496756, 33.489220655037585, 35.20758478239525, 24.0501203291946, 20.4896906903971, 20.91666083881654, 19.511363534020706, 19.98032456228178, 21.31196345978005, 21.022648687748347], "mse": [0.9385653701093462, 28.007489645835197, 26.951665379499133, 35.87216452991261, 43.95925816493248, 42.68843169492834, 60.15641085624695, 71.2468120107111, 92.24955139160156, 109.13636431974523, 118.91970724218032, 153.43914840245012, 170.00954899035003, 162.88892891623757, 191.76612156315855, 200.26919499839224, 219.1103777271107, 266.7744449349337, 254.40019887288412, 279.4732089889384, 364.27069551398955, 340.22637337698063, 430.5115339723352, 399.5527334878611, 440.0981835757985], "mean_q": [0.8741023957522379, 1.2146998720593971, 3.2766053519750895, 3.6978861654506012, 4.5256246168222, 5.382578731985653, 5.880541989803314, 7.582907037914924, 8.836227469444275, 9.309668267474455, 10.350656065286374, 11.087405842129547, 11.817007284415396, 13.180809385126286, 12.943832880572268, 13.064104301173513, 13.484923819091422, 13.463854379432146, 13.787610064612494, 14.148000654773178, 14.85799368318305, 14.803860261406697, 15.76634143150016, 15.971467572589253, 16.665965977837057], "mean_eps": [0.9941095, 0.9882190000000002, 0.9794575000000001, 0.9723294999999998, 0.9656470000000001, 0.958123, 0.9489654999999999, 0.9387685, 0.9285715, 0.9202555, 0.9118405, 0.9017919999999999, 0.8930305000000002, 0.8865460000000001, 0.8762994999999999, 0.8647165000000001, 0.8525889999999999, 0.8402635, 0.8315515, 0.8218, 0.8123949999999999, 0.804772, 0.797644, 0.7897735000000001, 0.7821505], "episode_reward": [-86.5149725224065, -121.50931533754434, -55.726628140746655, -126.61583392881523, -112.25072543591149, -277.2680333073064, -110.29060683691709, -113.54520292011618, -253.9219349939828, -97.75958234933402, -211.1336615200347, -335.28660685967566, -21.35678991360679, -188.4852799485982, -343.4022287076357, -136.74985923912305, -215.58754333549473, -30.524025990561256, -90.4108711973755, -103.55735007733631, -114.74222361613711, -90.9394378824118, -27.2359852871098, -110.80267167806848, -93.82467812509668], "nb_episode_steps": [69, 101, 76, 68, 67, 85, 100, 106, 100, 68, 102, 101, 76, 55, 152, 82, 163, 86, 90, 107, 83, 71, 73, 86, 68], "nb_steps": [69, 170, 246, 314, 381, 466, 566, 672, 772, 840, 942, 1043, 1119, 1174, 1326, 1408, 1571, 1657, 1747, 1854, 1937, 2008, 2081, 2167, 2235], "episode": [0, 1, 2, 3, 4, 5, 6, 7, 8, 9, 10, 11, 12, 13, 14, 15, 16, 17, 18, 19, 20, 21, 22, 23, 24], "duration": [0.3274078990216367, 0.3758393750176765, 0.29789938195608556, 0.2625753080355935, 0.2721070889965631, 0.3645825849962421, 0.40618763002566993, 0.3910455830045976, 0.36871486296877265, 0.253858897020109, 0.37197470403043553, 0.36906725901644677, 0.27954154001781717, 0.20369628496700898, 0.5536337040248327, 0.2988888270338066, 0.5957254329696298, 0.31576439103810117, 0.3329119670088403, 0.4044691200251691, 0.3046803019824438, 0.26723726297495887, 0.2679012579610571, 0.3237497750087641, 0.2495838690083474]}