{"loss": [236.06695640003548], "mse": [522.3830814877382], "mean_q": [4.90422669497844], "mean_eps": [0.9872785], "episode_reward": [1.0], "nb_episode_steps": [207], "nb_steps": [207], "episode": [0], "duration": [77.46394980599871]}